<packageInfo>
<packageIdentifier>SingleStore.5</packageIdentifier>
<fileMaps>
<fileMap>
<from>rdtm/plugins/SingleStore_Plugin.xml</from>
<to>bin/rdtm/plugins/SingleStore_Plugin.xml</to>
</fileMap>
<fileMap>
<from>singlestore/cci/plugins/com.singlestore.adapter.singlestore.runtime.adapter_1.0.0.jar</from>
<to>connectors/cci/plugins/com.singlestore.adapter.singlestore.runtime.adapter_1.0.0.jar</to>
</fileMap>
<fileMap>
<from>singlestore/cci/plugins/com.singlestore.adapter.singlestore.metadata.adapter_1.0.0.jar</from>
<to>connectors/cci/plugins/com.singlestore.adapter.singlestore.metadata.adapter_1.0.0.jar</to>
</fileMap>
<fileMap>
<from>singlestore/cci/plugins/com.singlestore.adapter.singlestore.metadata.model_1.0.0.jar</from>
<to>connectors/cci/plugins/com.singlestore.adapter.singlestore.metadata.model_1.0.0.jar</to>
</fileMap>
<fileMap>
<from>singlestore/cci/plugins/com.singlestore.adapter.singlestore.libraryInfo_1.0.0.jar</from>
<to>connectors/cci/plugins/com.singlestore.adapter.singlestore.libraryInfo_1.0.0.jar</to>
</fileMap>
<fileMap>
<from>singlestore/cci/plugins/com.singlestore.adapter.singlestore.messages.design_1.0.0.jar</from>
<to>connectors/cci/plugins/com.singlestore.adapter.singlestore.messages.design_1.0.0.jar</to>
</fileMap>
<fileMap>
<from>singlestore/cci/plugins/com.singlestore.adapter.singlestore.metadata.semantic_1.0.0.jar</from>
<to>connectors/cci/plugins/com.singlestore.adapter.singlestore.metadata.semantic_1.0.0.jar</to>
</fileMap>
<fileMap>
<from>singlestore/cci/plugins/com.singlestore.adapter.singlestore.connection.adapter_1.0.0.jar</from>
<to>connectors/cci/plugins/com.singlestore.adapter.singlestore.connection.adapter_1.0.0.jar</to>
</fileMap>
<fileMap>
<from>singlestore/cci/plugins/com.singlestore.adapter.singlestore.modelattributes_1.0.0.jar</from>
<to>connectors/cci/plugins/com.singlestore.adapter.singlestore.modelattributes_1.0.0.jar</to>
</fileMap>
<fileMap>
<from>singlestore/cci/plugins/com.singlestore.adapter.singlestore.typesystem_1.0.0.jar</from>
<to>connectors/cci/plugins/com.singlestore.adapter.singlestore.typesystem_1.0.0.jar</to>
</fileMap>
<fileMap>
<from>singlestore/cci/plugins/com.singlestore.adapter.singlestore.messages.runtime_1.0.0.jar</from>
<to>connectors/cci/plugins/com.singlestore.adapter.singlestore.messages.runtime_1.0.0.jar</to>
</fileMap>
<fileMap>
<from>singlestore/cci/plugins/com.singlestore.adapter.singlestore.runtime.semantic_1.0.0.jar</from>
<to>connectors/cci/plugins/com.singlestore.adapter.singlestore.runtime.semantic_1.0.0.jar</to>
</fileMap>
<fileMap>
<from>singlestore/cci/plugins/com.singlestore.adapter.singlestore.adapter.contribution_1.0.0.jar</from>
<to>connectors/cci/plugins/com.singlestore.adapter.singlestore.adapter.contribution_1.0.0.jar</to>
</fileMap>
<fileMap>
<from>singlestore/cci/plugins/com.singlestore.adapter.singlestore.seedprovider_1.0.0.jar</from>
<to>connectors/cci/plugins/com.singlestore.adapter.singlestore.seedprovider_1.0.0.jar</to>
</fileMap>
<fileMap>
<from>singlestore/cci/plugins/com.singlestore.adapter.singlestore.connection.model_1.0.0.jar</from>
<to>connectors/cci/plugins/com.singlestore.adapter.singlestore.connection.model_1.0.0.jar</to>
</fileMap>
<fileMap>
<from>singlestore/cci/plugins/com.singlestore.adapter.singlestore.runtime.model_1.0.0.jar</from>
<to>connectors/cci/plugins/com.singlestore.adapter.singlestore.runtime.model_1.0.0.jar</to>
</fileMap>
<fileMap>
<from>singlestore/cci/plugins/com.singlestore.adapter.singlestore.metamodel_1.0.0.jar</from>
<to>connectors/cci/plugins/com.singlestore.adapter.singlestore.metamodel_1.0.0.jar</to>
</fileMap>
<fileMap>
<from>singlestore/cci/plugins/com.singlestore.adapter.singlestore.licensechecker_1.0.0.jar</from>
<to>connectors/cci/plugins/com.singlestore.adapter.singlestore.licensechecker_1.0.0.jar</to>
</fileMap>
<fileMap>
<from>singlestore/thirdparty</from>
<to>connectors/thirdparty/</to>
</fileMap>
</fileMaps>
</packageInfo>
